gameweek,date,day_of_week,start_time,home_team,away_team,home_score,away_score,score,home_xg,away_xg,venue,attendance,referee,status,result,home_team_url,away_team_url,match_report_url
1,2024-09-20,Fri,19:00 (11:00),Chelsea,Aston Villa,1,,1–0,1.1,0.9,Cherry Red Records Fans' Stadium,4337,Kirsty Dowle,completed,home_win,https://fbref.com/en/squads/a6a4e67d/2024-2025/Chelsea-Women-Stats,https://fbref.com/en/squads/53157aa8/2024-2025/Aston-Villa-Women-Stats,https://fbref.com/en/matches/460a420c/Chelsea-Aston-Villa-September-20-2024-Womens-Super-League
1,2024-09-21,Sat,12:00 (04:00),Manchester Utd,West Ham,3,,3–0,1.2,0.9,Old Trafford,8761,Cheryl Foster,completed,home_win,https://fbref.com/en/squads/0bbd83f6/2024-2025/Manchester-United-Women-Stats,https://fbref.com/en/squads/52d65cea/2024-2025/West-Ham-United-Women-Stats,https://fbref.com/en/matches/247d25af/Manchester-United-West-Ham-United-September-21-2024-Womens-Super-League
1,2024-09-21,Sat,12:30 (04:30),Brighton,Everton,4,,4–0,2.1,0.5,Broadfield Stadium,2125,Lauren Impey,completed,home_win,https://fbref.com/en/squads/fa2752bc/2024-2025/Brighton-and-Hove-Albion-Women-Stats,https://fbref.com/en/squads/c4989550/2024-2025/Everton-Women-Stats,https://fbref.com/en/matches/86c90fdf/Brighton-and-Hove-Albion-Everton-September-21-2024-Womens-Super-League
1,2024-09-22,Sun,12:30 (04:30),Arsenal,Manchester City,2,2,2–2,2.2,1.4,Emirates Stadium,41818,Abigail Byrne,completed,draw,https://fbref.com/en/squads/411b1108/2024-2025/Arsenal-Women-Stats,https://fbref.com/en/squads/9ce68f8a/2024-2025/Manchester-City-Women-Stats,https://fbref.com/en/matches/9232742b/Arsenal-Manchester-City-September-22-2024-Womens-Super-League
1,2024-09-22,Sun,14:00 (06:00),Tottenham,Crystal Palace,4,,4–0,4.1,0.3,The BetWright Stadium,1778,Amy Fearn,completed,home_win,https://fbref.com/en/squads/e8e4577c/2024-2025/Tottenham-Women-Stats,https://fbref.com/en/squads/78ba1bd4/Crystal-Palace-Women-Stats,https://fbref.com/en/matches/4d436423/Tottenham-Crystal-Palace-September-22-2024-Womens-Super-League
1,2024-09-22,Sun,14:00 (06:00),Liverpool,Leicester City,1,1,1–1,1.4,0.2,Totally Wicked Stadium,3058,Adewunmi Soneye,completed,draw,https://fbref.com/en/squads/00f74a56/2024-2025/Liverpool-Women-Stats,https://fbref.com/en/squads/23bce84e/2024-2025/Leicester-City-Women-Stats,https://fbref.com/en/matches/108a8216/Liverpool-Leicester-City-September-22-2024-Womens-Super-League
2,2024-09-27,Fri,19:30 (11:30),Crystal Palace,Chelsea,,7,0–7,0.3,2.8,Selhurst Park,5003,Emily Heaslip,completed,away_win,https://fbref.com/en/squads/78ba1bd4/Crystal-Palace-Women-Stats,https://fbref.com/en/squads/a6a4e67d/2024-2025/Chelsea-Women-Stats,https://fbref.com/en/matches/c581493e/Crystal-Palace-Chelsea-September-27-2024-Womens-Super-League
2,2024-09-29,Sun,12:30 (04:30),Manchester City,Brighton,1,,1–0,3.0,0.8,Joie Stadium,3727,Stacey Pearson,completed,home_win,https://fbref.com/en/squads/9ce68f8a/2024-2025/Manchester-City-Women-Stats,https://fbref.com/en/squads/fa2752bc/2024-2025/Brighton-and-Hove-Albion-Women-Stats,https://fbref.com/en/matches/d7a3bd2a/Manchester-City-Brighton-and-Hove-Albion-September-29-2024-Womens-Super-League
2,2024-09-29,Sun,14:00 (06:00),Everton,Manchester Utd,,1,0–1,0.7,1.1,Walton Hall Park,1343,Kirsty Dowle,completed,away_win,https://fbref.com/en/squads/c4989550/2024-2025/Everton-Women-Stats,https://fbref.com/en/squads/0bbd83f6/2024-2025/Manchester-United-Women-Stats,https://fbref.com/en/matches/c1916b2f/Everton-Manchester-United-September-29-2024-Womens-Super-League
2,2024-09-29,Sun,15:00 (07:00),West Ham,Liverpool,1,1,1–1,0.7,1.5,Chigwell Construction Stadium,1799,Abigail Byrne,completed,draw,https://fbref.com/en/squads/52d65cea/2024-2025/West-Ham-United-Women-Stats,https://fbref.com/en/squads/00f74a56/2024-2025/Liverpool-Women-Stats,https://fbref.com/en/matches/4441f740/West-Ham-United-Liverpool-September-29-2024-Womens-Super-League
2,2024-09-29,Sun,15:00 (07:00),Leicester City,Arsenal,,1,0–1,0.4,1.4,King Power Stadium,5163,Elizabeth Simms,completed,away_win,https://fbref.com/en/squads/23bce84e/2024-2025/Leicester-City-Women-Stats,https://fbref.com/en/squads/411b1108/2024-2025/Arsenal-Women-Stats,https://fbref.com/en/matches/ee937898/Leicester-City-Arsenal-September-29-2024-Womens-Super-League
2,2024-09-29,Sun,16:30 (08:30),Aston Villa,Tottenham,2,2,2–2,1.9,1.3,Villa Park,2912,Elliot Bell,completed,draw,https://fbref.com/en/squads/53157aa8/2024-2025/Aston-Villa-Women-Stats,https://fbref.com/en/squads/e8e4577c/2024-2025/Tottenham-Women-Stats,https://fbref.com/en/matches/92ec8e00/Aston-Villa-Tottenham-September-29-2024-Womens-Super-League
3,2024-10-05,Sat,12:30 (04:30),Brighton,Aston Villa,4,2,4–2,2.5,2.3,Broadfield Stadium,2152,Ryan Atkin,completed,home_win,https://fbref.com/en/squads/fa2752bc/2024-2025/Brighton-and-Hove-Albion-Women-Stats,https://fbref.com/en/squads/53157aa8/2024-2025/Aston-Villa-Women-Stats,https://fbref.com/en/matches/66680c8c/Brighton-and-Hove-Albion-Aston-Villa-October-5-2024-Womens-Super-League
3,2024-10-06,Sun,13:00 (05:00),Manchester City,West Ham,2,,2–0,2.6,0.5,Joie Stadium,3316,Jane Simms,completed,home_win,https://fbref.com/en/squads/9ce68f8a/2024-2025/Manchester-City-Women-Stats,https://fbref.com/en/squads/52d65cea/2024-2025/West-Ham-United-Women-Stats,https://fbref.com/en/matches/79e6ab51/Manchester-City-West-Ham-United-October-6-2024-Womens-Super-League
3,2024-10-06,Sun,14:00 (06:00),Arsenal,Everton,,,0–0,0.7,0.1,Emirates Stadium,25480,Stacey Pearson,completed,draw,https://fbref.com/en/squads/411b1108/2024-2025/Arsenal-Women-Stats,https://fbref.com/en/squads/c4989550/2024-2025/Everton-Women-Stats,https://fbref.com/en/matches/1516f308/Arsenal-Everton-October-6-2024-Womens-Super-League
3,2024-10-06,Sun,14:15 (06:15),Tottenham,Liverpool,2,3,2–3,0.9,1.5,The BetWright Stadium,2206,Kirsty Dowle,completed,away_win,https://fbref.com/en/squads/e8e4577c/2024-2025/Tottenham-Women-Stats,https://fbref.com/en/squads/00f74a56/2024-2025/Liverpool-Women-Stats,https://fbref.com/en/matches/8c343b72/Tottenham-Liverpool-October-6-2024-Womens-Super-League
3,2024-10-06,Sun,15:00 (07:00),Leicester City,Crystal Palace,,2,0–2,1.6,1.2,King Power Stadium,1806,Stephen Parkinson,completed,away_win,https://fbref.com/en/squads/23bce84e/2024-2025/Leicester-City-Women-Stats,https://fbref.com/en/squads/78ba1bd4/Crystal-Palace-Women-Stats,https://fbref.com/en/matches/d916f8ee/Leicester-City-Crystal-Palace-October-6-2024-Womens-Super-League
4,2024-10-12,Sat,13:45 (05:45),Arsenal,Chelsea,1,2,1–2,2.6,1.1,Emirates Stadium,45860,Cheryl Foster,completed,away_win,https://fbref.com/en/squads/411b1108/2024-2025/Arsenal-Women-Stats,https://fbref.com/en/squads/a6a4e67d/2024-2025/Chelsea-Women-Stats,https://fbref.com/en/matches/51060bd7/Arsenal-Chelsea-October-12-2024-Womens-Super-League
4,2024-10-13,Sun,12:30 (04:30),Manchester Utd,Tottenham,3,,3–0,1.8,1.1,Leigh Sports Village Stadium,4473,Lisa Benn,completed,home_win,https://fbref.com/en/squads/0bbd83f6/2024-2025/Manchester-United-Women-Stats,https://fbref.com/en/squads/e8e4577c/2024-2025/Tottenham-Women-Stats,https://fbref.com/en/matches/3cd88740/Manchester-United-Tottenham-October-13-2024-Womens-Super-League
4,2024-10-13,Sun,14:00 (06:00),Crystal Palace,Brighton,,1,0–1,1.0,1.3,VBS Community Stadium,1166,Kirsty Dowle,completed,away_win,https://fbref.com/en/squads/78ba1bd4/Crystal-Palace-Women-Stats,https://fbref.com/en/squads/fa2752bc/2024-2025/Brighton-and-Hove-Albion-Women-Stats,https://fbref.com/en/matches/8d37f8e7/Crystal-Palace-Brighton-and-Hove-Albion-October-13-2024-Womens-Super-League
4,2024-10-13,Sun,14:00 (06:00),Aston Villa,Leicester City,,,0–0,1.2,0.6,Villa Park,2907,Steve Martin,completed,draw,https://fbref.com/en/squads/53157aa8/2024-2025/Aston-Villa-Women-Stats,https://fbref.com/en/squads/23bce84e/2024-2025/Leicester-City-Women-Stats,https://fbref.com/en/matches/3c5c95c7/Aston-Villa-Leicester-City-October-13-2024-Womens-Super-League
4,2024-10-13,Sun,14:00 (06:00),Everton,West Ham,1,1,1–1,1.4,1.0,Walton Hall Park,1087,Richie Watkins,completed,draw,https://fbref.com/en/squads/c4989550/2024-2025/Everton-Women-Stats,https://fbref.com/en/squads/52d65cea/2024-2025/West-Ham-United-Women-Stats,https://fbref.com/en/matches/34b3552c/Everton-West-Ham-United-October-13-2024-Womens-Super-League
4,2024-10-13,Sun,15:00 (07:00),Liverpool,Manchester City,1,2,1–2,0.4,1.5,Anfield,17484,Stacey Fullicks,completed,away_win,https://fbref.com/en/squads/00f74a56/2024-2025/Liverpool-Women-Stats,https://fbref.com/en/squads/9ce68f8a/2024-2025/Manchester-City-Women-Stats,https://fbref.com/en/matches/a7224e50/Liverpool-Manchester-City-October-13-2024-Womens-Super-League
5,2024-10-19,Sat,12:30 (04:30),Brighton,Manchester Utd,1,1,1–1,1.1,1.2,The American Express Stadium,8369,Stacey Fullicks,completed,draw,https://fbref.com/en/squads/fa2752bc/2024-2025/Brighton-and-Hove-Albion-Women-Stats,https://fbref.com/en/squads/0bbd83f6/2024-2025/Manchester-United-Women-Stats,https://fbref.com/en/matches/7e2e848d/Brighton-and-Hove-Albion-Manchester-United-October-19-2024-Womens-Super-League
5,2024-10-20,Sun,12:15 (04:15),Manchester City,Aston Villa,2,1,2–1,1.7,0.2,Joie Stadium,3528,Kirsty Dowle,completed,home_win,https://fbref.com/en/squads/9ce68f8a/2024-2025/Manchester-City-Women-Stats,https://fbref.com/en/squads/53157aa8/2024-2025/Aston-Villa-Women-Stats,https://fbref.com/en/matches/ee1da79d/Manchester-City-Aston-Villa-October-20-2024-Womens-Super-League
5,2024-10-20,Sun,14:00 (06:00),Liverpool,Crystal Palace,1,1,1–1,1.5,2.0,Totally Wicked Stadium,3007,Amy Fearn,completed,draw,https://fbref.com/en/squads/00f74a56/2024-2025/Liverpool-Women-Stats,https://fbref.com/en/squads/78ba1bd4/Crystal-Palace-Women-Stats,https://fbref.com/en/matches/47a34a59/Liverpool-Crystal-Palace-October-20-2024-Womens-Super-League
5,2024-10-20,Sun,15:00 (07:00),West Ham,Arsenal,,2,0–2,0.5,1.6,Chigwell Construction Stadium,3300,Thomas Parsons,completed,away_win,https://fbref.com/en/squads/52d65cea/2024-2025/West-Ham-United-Women-Stats,https://fbref.com/en/squads/411b1108/2024-2025/Arsenal-Women-Stats,https://fbref.com/en/matches/75ee2cca/West-Ham-United-Arsenal-October-20-2024-Womens-Super-League
5,2024-10-20,Sun,15:00 (07:00),Leicester City,Everton,1,,1–0,0.8,1.6,King Power Stadium,1398,Tom Nield,completed,home_win,https://fbref.com/en/squads/23bce84e/2024-2025/Leicester-City-Women-Stats,https://fbref.com/en/squads/c4989550/2024-2025/Everton-Women-Stats,https://fbref.com/en/matches/2de958d9/Leicester-City-Everton-October-20-2024-Womens-Super-League
5,2024-10-20,Sun,18:45 (10:45),Chelsea,Tottenham,5,2,5–2,2.1,0.4,Cherry Red Records Fans' Stadium,4152,Emily Heaslip,completed,home_win,https://fbref.com/en/squads/a6a4e67d/2024-2025/Chelsea-Women-Stats,https://fbref.com/en/squads/e8e4577c/2024-2025/Tottenham-Women-Stats,https://fbref.com/en/matches/9787256a/Chelsea-Tottenham-October-20-2024-Womens-Super-League
6,2024-11-03,Sun,12:30 (04:30),Manchester Utd,Arsenal,1,1,1–1,1.1,1.9,Leigh Sports Village Stadium,8348,Kirsty Dowle,completed,draw,https://fbref.com/en/squads/0bbd83f6/2024-2025/Manchester-United-Women-Stats,https://fbref.com/en/squads/411b1108/2024-2025/Arsenal-Women-Stats,https://fbref.com/en/matches/3881fa9b/Manchester-United-Arsenal-November-3-2024-Womens-Super-League
6,2024-11-03,Sun,14:00 (06:00),Tottenham,West Ham,2,1,2–1,1.9,0.8,The BetWright Stadium,2216,Melissa Burgin,completed,home_win,https://fbref.com/en/squads/e8e4577c/2024-2025/Tottenham-Women-Stats,https://fbref.com/en/squads/52d65cea/2024-2025/West-Ham-United-Women-Stats,https://fbref.com/en/matches/e19b5d72/Tottenham-West-Ham-United-November-3-2024-Womens-Super-League
6,2024-11-03,Sun,14:00 (06:00),Crystal Palace,Manchester City,,3,0–3,0.4,3.0,Selhurst Park,2275,Lisa Benn,completed,away_win,https://fbref.com/en/squads/78ba1bd4/Crystal-Palace-Women-Stats,https://fbref.com/en/squads/9ce68f8a/2024-2025/Manchester-City-Women-Stats,https://fbref.com/en/matches/80f11c93/Crystal-Palace-Manchester-City-November-3-2024-Womens-Super-League
6,2024-11-03,Sun,14:00 (06:00),Brighton,Leicester City,1,,1–0,1.6,0.1,Broadfield Stadium,2082,Adewunmi Soneye,completed,home_win,https://fbref.com/en/squads/fa2752bc/2024-2025/Brighton-and-Hove-Albion-Women-Stats,https://fbref.com/en/squads/23bce84e/2024-2025/Leicester-City-Women-Stats,https://fbref.com/en/matches/846b8a50/Brighton-and-Hove-Albion-Leicester-City-November-3-2024-Womens-Super-League
6,2024-11-03,Sun,16:30 (08:30),Aston Villa,Liverpool,1,2,1–2,0.6,0.6,Villa Park,3213,Phoebe Cross,completed,away_win,https://fbref.com/en/squads/53157aa8/2024-2025/Aston-Villa-Women-Stats,https://fbref.com/en/squads/00f74a56/2024-2025/Liverpool-Women-Stats,https://fbref.com/en/matches/fab355a3/Aston-Villa-Liverpool-November-3-2024-Womens-Super-League
6,2024-11-03,Sun,18:45 (10:45),Everton,Chelsea,,5,0–5,0.3,3.6,Goodison Park,2109,Stacey Fullicks,completed,away_win,https://fbref.com/en/squads/c4989550/2024-2025/Everton-Women-Stats,https://fbref.com/en/squads/a6a4e67d/2024-2025/Chelsea-Women-Stats,https://fbref.com/en/matches/eba9f336/Everton-Chelsea-November-3-2024-Womens-Super-League
7,2024-11-08,Fri,19:00 (11:00),Arsenal,Brighton,5,,5–0,2.8,0.4,Emirates Stadium,22467,Amy Fearn,completed,home_win,https://fbref.com/en/squads/411b1108/2024-2025/Arsenal-Women-Stats,https://fbref.com/en/squads/fa2752bc/2024-2025/Brighton-and-Hove-Albion-Women-Stats,https://fbref.com/en/matches/7f595664/Arsenal-Brighton-and-Hove-Albion-November-8-2024-Womens-Super-League
7,2024-11-08,Fri,19:30 (11:30),Manchester City,Tottenham,4,,4–0,3.3,0.6,Etihad Stadium,10319,Stacey Pearson,completed,home_win,https://fbref.com/en/squads/9ce68f8a/2024-2025/Manchester-City-Women-Stats,https://fbref.com/en/squads/e8e4577c/2024-2025/Tottenham-Women-Stats,https://fbref.com/en/matches/841804ff/Manchester-City-Tottenham-November-8-2024-Womens-Super-League
7,2024-11-10,Sun,12:30 (04:30),Liverpool,Chelsea,,3,0–3,0.4,2.8,Totally Wicked Stadium,4514,Lisa Benn,completed,away_win,https://fbref.com/en/squads/00f74a56/2024-2025/Liverpool-Women-Stats,https://fbref.com/en/squads/a6a4e67d/2024-2025/Chelsea-Women-Stats,https://fbref.com/en/matches/eff265ac/Liverpool-Chelsea-November-10-2024-Womens-Super-League
7,2024-11-10,Sun,14:00 (06:00),Crystal Palace,Everton,1,1,1–1,1.8,0.9,VBS Community Stadium,502,Kirsty Dowle,completed,draw,https://fbref.com/en/squads/78ba1bd4/Crystal-Palace-Women-Stats,https://fbref.com/en/squads/c4989550/2024-2025/Everton-Women-Stats,https://fbref.com/en/matches/4cfe6071/Crystal-Palace-Everton-November-10-2024-Womens-Super-League
7,2024-11-10,Sun,15:00 (07:00),West Ham,Leicester City,1,,1–0,1.4,0.3,Chigwell Construction Stadium,1617,Elizabeth Simms,completed,home_win,https://fbref.com/en/squads/52d65cea/2024-2025/West-Ham-United-Women-Stats,https://fbref.com/en/squads/23bce84e/2024-2025/Leicester-City-Women-Stats,https://fbref.com/en/matches/69300423/West-Ham-United-Leicester-City-November-10-2024-Womens-Super-League
7,2024-11-10,Sun,18:45 (10:45),Manchester Utd,Aston Villa,,,0–0,0.5,1.9,Leigh Sports Village Stadium,3833,Melissa Burgin,completed,draw,https://fbref.com/en/squads/0bbd83f6/2024-2025/Manchester-United-Women-Stats,https://fbref.com/en/squads/53157aa8/2024-2025/Aston-Villa-Women-Stats,https://fbref.com/en/matches/be8ce706/Manchester-United-Aston-Villa-November-10-2024-Womens-Super-League
8,2024-11-16,Sat,12:30 (04:30),Brighton,West Ham,3,2,3–2,1.1,2.5,The American Express Stadium,4638,Lisa Benn,completed,home_win,https://fbref.com/en/squads/fa2752bc/2024-2025/Brighton-and-Hove-Albion-Women-Stats,https://fbref.com/en/squads/52d65cea/2024-2025/West-Ham-United-Women-Stats,https://fbref.com/en/matches/38e2fdc8/Brighton-and-Hove-Albion-West-Ham-United-November-16-2024-Womens-Super-League
8,2024-11-16,Sat,13:45 (05:45),Tottenham,Arsenal,,3,0–3,0.1,1.9,Tottenham Hotspur Stadium,28852,Emily Heaslip,completed,away_win,https://fbref.com/en/squads/e8e4577c/2024-2025/Tottenham-Women-Stats,https://fbref.com/en/squads/411b1108/2024-2025/Arsenal-Women-Stats,https://fbref.com/en/matches/d20afbba/North-London-Derby-Tottenham-Arsenal-November-16-2024-Womens-Super-League
8,2024-11-16,Sat,17:30 (09:30),Chelsea,Manchester City,2,,2–0,1.0,0.7,Stamford Bridge,19499,Melissa Burgin,completed,home_win,https://fbref.com/en/squads/a6a4e67d/2024-2025/Chelsea-Women-Stats,https://fbref.com/en/squads/9ce68f8a/2024-2025/Manchester-City-Women-Stats,https://fbref.com/en/matches/719468d2/Chelsea-Manchester-City-November-16-2024-Womens-Super-League
8,2024-11-17,Sun,14:00 (06:00),Aston Villa,Crystal Palace,3,2,3–2,1.3,1.3,Villa Park,42789,Grace Lowe,completed,home_win,https://fbref.com/en/squads/53157aa8/2024-2025/Aston-Villa-Women-Stats,https://fbref.com/en/squads/78ba1bd4/Crystal-Palace-Women-Stats,https://fbref.com/en/matches/9fd2d0dc/Aston-Villa-Crystal-Palace-November-17-2024-Womens-Super-League
8,2024-11-17,Sun,15:00 (07:00),Leicester City,Manchester Utd,,2,0–2,0.4,2.1,King Power Stadium,5405,Stacey Fullicks,completed,away_win,https://fbref.com/en/squads/23bce84e/2024-2025/Leicester-City-Women-Stats,https://fbref.com/en/squads/0bbd83f6/2024-2025/Manchester-United-Women-Stats,https://fbref.com/en/matches/8d6d44b3/Leicester-City-Manchester-United-November-17-2024-Womens-Super-League
8,2024-11-17,Sun,15:00 (07:00),Everton,Liverpool,1,,1–0,0.9,1.6,Goodison Park,9823,Abigail Byrne,completed,home_win,https://fbref.com/en/squads/c4989550/2024-2025/Everton-Women-Stats,https://fbref.com/en/squads/00f74a56/2024-2025/Liverpool-Women-Stats,https://fbref.com/en/matches/a82ad46a/Merseyside-Derby-Everton-Liverpool-November-17-2024-Womens-Super-League
3,2024-11-24,Sun,12:00 (04:00),Chelsea,Manchester Utd,1,,1–0,2.1,0.2,Cherry Red Records Fans' Stadium,4264,Emily Heaslip,completed,home_win,https://fbref.com/en/squads/a6a4e67d/2024-2025/Chelsea-Women-Stats,https://fbref.com/en/squads/0bbd83f6/2024-2025/Manchester-United-Women-Stats,https://fbref.com/en/matches/5241f347/Chelsea-Manchester-United-November-24-2024-Womens-Super-League
9,2024-12-08,Sun,12:00 (04:00),Manchester Utd,Liverpool,4,,4–0,2.1,0.6,Leigh Sports Village Stadium,4782,Stacey Fullicks,completed,home_win,https://fbref.com/en/squads/0bbd83f6/2024-2025/Manchester-United-Women-Stats,https://fbref.com/en/squads/00f74a56/2024-2025/Liverpool-Women-Stats,https://fbref.com/en/matches/2039e03c/North-West-Derby-Manchester-United-Liverpool-December-8-2024-Womens-Super-League
9,2024-12-08,Sun,13:00 (05:00),Tottenham,Everton,2,1,2–1,2.9,0.6,The BetWright Stadium,918,Amy Fearn,completed,home_win,https://fbref.com/en/squads/e8e4577c/2024-2025/Tottenham-Women-Stats,https://fbref.com/en/squads/c4989550/2024-2025/Everton-Women-Stats,https://fbref.com/en/matches/72767626/Tottenham-Everton-December-8-2024-Womens-Super-League
9,2024-12-08,Sun,13:00 (05:00),Manchester City,Leicester City,4,,4–0,1.5,0.7,Joie Stadium,4782,Emily Heaslip,completed,home_win,https://fbref.com/en/squads/9ce68f8a/2024-2025/Manchester-City-Women-Stats,https://fbref.com/en/squads/23bce84e/2024-2025/Leicester-City-Women-Stats,https://fbref.com/en/matches/6316cd7e/Manchester-City-Leicester-City-December-8-2024-Womens-Super-League
9,2024-12-08,Sun,14:00 (06:00),Arsenal,Aston Villa,4,,4–0,3.1,0.4,Emirates Stadium,29515,Abigail Byrne,completed,home_win,https://fbref.com/en/squads/411b1108/2024-2025/Arsenal-Women-Stats,https://fbref.com/en/squads/53157aa8/2024-2025/Aston-Villa-Women-Stats,https://fbref.com/en/matches/7d7da8aa/Arsenal-Aston-Villa-December-8-2024-Womens-Super-League
9,2024-12-08,Sun,14:00 (06:00),Chelsea,Brighton,4,2,4–2,4.2,2.8,Cherry Red Records Fans' Stadium,3765,Stacey Pearson,completed,home_win,https://fbref.com/en/squads/a6a4e67d/2024-2025/Chelsea-Women-Stats,https://fbref.com/en/squads/fa2752bc/2024-2025/Brighton-and-Hove-Albion-Women-Stats,https://fbref.com/en/matches/02509db6/Chelsea-Brighton-and-Hove-Albion-December-8-2024-Womens-Super-League
9,2024-12-08,Sun,14:30 (06:30),West Ham,Crystal Palace,5,2,5–2,2.9,0.5,Chigwell Construction Stadium,1292,Lisa Benn,completed,home_win,https://fbref.com/en/squads/52d65cea/2024-2025/West-Ham-United-Women-Stats,https://fbref.com/en/squads/78ba1bd4/Crystal-Palace-Women-Stats,https://fbref.com/en/matches/9ad8d587/West-Ham-United-Crystal-Palace-December-8-2024-Womens-Super-League
10,2024-12-14,Sat,12:00 (04:00),Leicester City,Chelsea,1,1,1–1,0.4,1.9,King Power Stadium,2619,Kirsty Dowle,completed,draw,https://fbref.com/en/squads/23bce84e/2024-2025/Leicester-City-Women-Stats,https://fbref.com/en/squads/a6a4e67d/2024-2025/Chelsea-Women-Stats,https://fbref.com/en/matches/333a322d/Leicester-City-Chelsea-December-14-2024-Womens-Super-League
10,2024-12-14,Sat,17:30 (09:30),Brighton,Tottenham,1,1,1–1,1.1,1.2,Broadfield Stadium,2083,Lisa Benn,completed,draw,https://fbref.com/en/squads/fa2752bc/2024-2025/Brighton-and-Hove-Albion-Women-Stats,https://fbref.com/en/squads/e8e4577c/2024-2025/Tottenham-Women-Stats,https://fbref.com/en/matches/fc76d14f/Brighton-and-Hove-Albion-Tottenham-December-14-2024-Womens-Super-League
10,2024-12-15,Sun,12:30 (04:30),Everton,Manchester City,2,1,2–1,1.4,3.1,Walton Hall Park,1292,Cheryl Foster,completed,home_win,https://fbref.com/en/squads/c4989550/2024-2025/Everton-Women-Stats,https://fbref.com/en/squads/9ce68f8a/2024-2025/Manchester-City-Women-Stats,https://fbref.com/en/matches/2f1f343c/Everton-Manchester-City-December-15-2024-Womens-Super-League
10,2024-12-15,Sun,14:00 (06:00),Crystal Palace,Manchester Utd,,1,0–1,0.2,2.1,VBS Community Stadium,1773,Amy Fearn,completed,away_win,https://fbref.com/en/squads/78ba1bd4/Crystal-Palace-Women-Stats,https://fbref.com/en/squads/0bbd83f6/2024-2025/Manchester-United-Women-Stats,https://fbref.com/en/matches/11b15e91/Crystal-Palace-Manchester-United-December-15-2024-Womens-Super-League
10,2024-12-15,Sun,14:00 (06:00),Aston Villa,West Ham,3,1,3–1,2.2,1.2,Villa Park,2494,Grace Lowe,completed,home_win,https://fbref.com/en/squads/53157aa8/2024-2025/Aston-Villa-Women-Stats,https://fbref.com/en/squads/52d65cea/2024-2025/West-Ham-United-Women-Stats,https://fbref.com/en/matches/8e2ee663/Aston-Villa-West-Ham-United-December-15-2024-Womens-Super-League
10,2024-12-15,Sun,14:30 (06:30),Liverpool,Arsenal,,1,0–1,0.2,2.1,Totally Wicked Stadium,5786,Melissa Burgin,completed,away_win,https://fbref.com/en/squads/00f74a56/2024-2025/Liverpool-Women-Stats,https://fbref.com/en/squads/411b1108/2024-2025/Arsenal-Women-Stats,https://fbref.com/en/matches/ddc51442/Liverpool-Arsenal-December-15-2024-Womens-Super-League
11,2025-01-17,Fri,19:00 (11:00),Liverpool,Brighton,2,1,2–1,0.9,0.4,Totally Wicked Stadium,2971,Kirsty Dowle,completed,home_win,https://fbref.com/en/squads/00f74a56/2024-2025/Liverpool-Women-Stats,https://fbref.com/en/squads/fa2752bc/2024-2025/Brighton-and-Hove-Albion-Women-Stats,https://fbref.com/en/matches/ca868757/Liverpool-Brighton-and-Hove-Albion-January-17-2025-Womens-Super-League
11,2025-01-18,Sat,17:30 (09:30),Everton,Aston Villa,1,1,1–1,0.4,1.1,Walton Hall Park,973,Stacey Fullicks,completed,draw,https://fbref.com/en/squads/c4989550/2024-2025/Everton-Women-Stats,https://fbref.com/en/squads/53157aa8/2024-2025/Aston-Villa-Women-Stats,https://fbref.com/en/matches/9e365585/Everton-Aston-Villa-January-18-2025-Womens-Super-League
11,2025-01-19,Sun,12:30 (04:30),Tottenham,Leicester City,1,,1–0,0.0,1.3,The BetWright Stadium,1314,Stacey Pearson,completed,home_win,https://fbref.com/en/squads/e8e4577c/2024-2025/Tottenham-Women-Stats,https://fbref.com/en/squads/23bce84e/2024-2025/Leicester-City-Women-Stats,https://fbref.com/en/matches/91ce25ab/Tottenham-Leicester-City-January-19-2025-Womens-Super-League
11,2025-01-19,Sun,14:00 (06:00),Arsenal,Crystal Palace,5,,5–0,3.2,0.9,Mangata Pay UK Stadium,3576,Phoebe Cross,completed,home_win,https://fbref.com/en/squads/411b1108/2024-2025/Arsenal-Women-Stats,https://fbref.com/en/squads/78ba1bd4/Crystal-Palace-Women-Stats,https://fbref.com/en/matches/0475ac77/Arsenal-Crystal-Palace-January-19-2025-Womens-Super-League
11,2025-01-19,Sun,15:00 (07:00),West Ham,Chelsea,,5,0–5,0.4,2.3,Chigwell Construction Stadium,2461,Amy Fearn,completed,away_win,https://fbref.com/en/squads/52d65cea/2024-2025/West-Ham-United-Women-Stats,https://fbref.com/en/squads/a6a4e67d/2024-2025/Chelsea-Women-Stats,https://fbref.com/en/matches/10a0825a/West-Ham-United-Chelsea-January-19-2025-Womens-Super-League
11,2025-01-19,Sun,18:45 (10:45),Manchester City,Manchester Utd,2,4,2–4,1.8,2.7,Etihad Stadium,22497,Lisa Benn,completed,away_win,https://fbref.com/en/squads/9ce68f8a/2024-2025/Manchester-City-Women-Stats,https://fbref.com/en/squads/0bbd83f6/2024-2025/Manchester-United-Women-Stats,https://fbref.com/en/matches/2ed728f6/Manchester-Derby-Manchester-City-Manchester-United-January-19-2025-Womens-Super-League
12,2025-01-25,Sat,12:00 (04:00),Aston Villa,Manchester City,2,4,2–4,0.7,3.1,Villa Park,3041,Melissa Burgin,completed,away_win,https://fbref.com/en/squads/53157aa8/2024-2025/Aston-Villa-Women-Stats,https://fbref.com/en/squads/9ce68f8a/2024-2025/Manchester-City-Women-Stats,https://fbref.com/en/matches/e0ad389a/Aston-Villa-Manchester-City-January-25-2025-Womens-Super-League
12,2025-01-26,Sun,12:30 (04:30),Chelsea,Arsenal,1,,1–0,2.9,1.2,Stamford Bridge,34302,Emily Heaslip,completed,home_win,https://fbref.com/en/squads/a6a4e67d/2024-2025/Chelsea-Women-Stats,https://fbref.com/en/squads/411b1108/2024-2025/Arsenal-Women-Stats,https://fbref.com/en/matches/edbd4435/Chelsea-Arsenal-January-26-2025-Womens-Super-League
12,2025-01-26,Sun,14:00 (06:00),Crystal Palace,Tottenham,2,3,2–3,1.3,0.8,VBS Community Stadium,732,Lucy May,completed,away_win,https://fbref.com/en/squads/78ba1bd4/Crystal-Palace-Women-Stats,https://fbref.com/en/squads/e8e4577c/2024-2025/Tottenham-Women-Stats,https://fbref.com/en/matches/8bbc81b6/Crystal-Palace-Tottenham-January-26-2025-Womens-Super-League
12,2025-01-26,Sun,15:00 (07:00),West Ham,Everton,2,,2–0,1.8,2.1,Chigwell Construction Stadium,1219,Adewunmi Soneye,completed,home_win,https://fbref.com/en/squads/52d65cea/2024-2025/West-Ham-United-Women-Stats,https://fbref.com/en/squads/c4989550/2024-2025/Everton-Women-Stats,https://fbref.com/en/matches/2312a4e9/West-Ham-United-Everton-January-26-2025-Womens-Super-League
12,2025-01-26,Sun,15:00 (07:00),Leicester City,Liverpool,2,1,2–1,1.1,1.1,King Power Stadium,2964,Abigail Byrne,completed,home_win,https://fbref.com/en/squads/23bce84e/2024-2025/Leicester-City-Women-Stats,https://fbref.com/en/squads/00f74a56/2024-2025/Liverpool-Women-Stats,https://fbref.com/en/matches/17d34f72/Leicester-City-Liverpool-January-26-2025-Womens-Super-League
12,2025-01-26,Sun,18:45 (10:45),Manchester Utd,Brighton,3,,3–0,2.7,0.7,Leigh Sports Village Stadium,3027,Cheryl Foster,completed,home_win,https://fbref.com/en/squads/0bbd83f6/2024-2025/Manchester-United-Women-Stats,https://fbref.com/en/squads/fa2752bc/2024-2025/Brighton-and-Hove-Albion-Women-Stats,https://fbref.com/en/matches/4641e5ed/Manchester-United-Brighton-and-Hove-Albion-January-26-2025-Womens-Super-League
13,2025-02-02,Sun,12:00 (04:00),Manchester City,Arsenal,3,4,3–4,1.7,2.0,Joie Stadium,4922,Cheryl Foster,completed,away_win,https://fbref.com/en/squads/9ce68f8a/2024-2025/Manchester-City-Women-Stats,https://fbref.com/en/squads/411b1108/2024-2025/Arsenal-Women-Stats,https://fbref.com/en/matches/12d7d91c/Manchester-City-Arsenal-February-2-2025-Womens-Super-League
13,2025-02-02,Sun,14:00 (06:00),Brighton,Crystal Palace,1,1,1–1,1.1,0.7,Broadfield Stadium,2345,Stacey Fullicks,completed,draw,https://fbref.com/en/squads/fa2752bc/2024-2025/Brighton-and-Hove-Albion-Women-Stats,https://fbref.com/en/squads/78ba1bd4/Crystal-Palace-Women-Stats,https://fbref.com/en/matches/6164f889/Brighton-and-Hove-Albion-Crystal-Palace-February-2-2025-Womens-Super-League
13,2025-02-02,Sun,14:00 (06:00),Liverpool,West Ham,1,,1–0,1.7,0.8,Totally Wicked Stadium,3166,Amy Fearn,completed,home_win,https://fbref.com/en/squads/00f74a56/2024-2025/Liverpool-Women-Stats,https://fbref.com/en/squads/52d65cea/2024-2025/West-Ham-United-Women-Stats,https://fbref.com/en/matches/d1844c31/Liverpool-West-Ham-United-February-2-2025-Womens-Super-League
13,2025-02-02,Sun,14:00 (06:00),Everton,Leicester City,4,1,4–1,2.6,0.8,Walton Hall Park,784,Stacey Pearson,completed,home_win,https://fbref.com/en/squads/c4989550/2024-2025/Everton-Women-Stats,https://fbref.com/en/squads/23bce84e/2024-2025/Leicester-City-Women-Stats,https://fbref.com/en/matches/8cd1ef4e/Everton-Leicester-City-February-2-2025-Womens-Super-League
13,2025-02-02,Sun,14:30 (06:30),Aston Villa,Chelsea,,1,0–1,0.5,0.7,Villa Park,4324,Lisa Benn,completed,away_win,https://fbref.com/en/squads/53157aa8/2024-2025/Aston-Villa-Women-Stats,https://fbref.com/en/squads/a6a4e67d/2024-2025/Chelsea-Women-Stats,https://fbref.com/en/matches/b7ce6906/Aston-Villa-Chelsea-February-2-2025-Womens-Super-League
13,2025-02-02,Sun,18:45 (10:45),Tottenham,Manchester Utd,,1,0–1,0.5,0.9,Tottenham Hotspur Stadium,6802,Kirsty Dowle,completed,away_win,https://fbref.com/en/squads/e8e4577c/2024-2025/Tottenham-Women-Stats,https://fbref.com/en/squads/0bbd83f6/2024-2025/Manchester-United-Women-Stats,https://fbref.com/en/matches/2d110e47/Tottenham-Manchester-United-February-2-2025-Womens-Super-League
14,2025-02-16,Sun,12:00 (04:00),Manchester Utd,Crystal Palace,3,1,3–1,2.5,0.5,Leigh Sports Village Stadium,4761,Amy Fearn,completed,home_win,https://fbref.com/en/squads/0bbd83f6/2024-2025/Manchester-United-Women-Stats,https://fbref.com/en/squads/78ba1bd4/Crystal-Palace-Women-Stats,https://fbref.com/en/matches/e0f4e8aa/Manchester-United-Crystal-Palace-February-16-2025-Womens-Super-League
14,2025-02-16,Sun,12:30 (04:30),Arsenal,Tottenham,5,,5–0,2.6,0.7,Emirates Stadium,56784,Stacey Fullicks,completed,home_win,https://fbref.com/en/squads/411b1108/2024-2025/Arsenal-Women-Stats,https://fbref.com/en/squads/e8e4577c/2024-2025/Tottenham-Women-Stats,https://fbref.com/en/matches/1f6e7010/North-London-Derby-Arsenal-Tottenham-February-16-2025-Womens-Super-League
14,2025-02-16,Sun,14:00 (06:00),Chelsea,Everton,2,1,2–1,1.8,0.4,Cherry Red Records Fans' Stadium,3648,Phoebe Cross,completed,home_win,https://fbref.com/en/squads/a6a4e67d/2024-2025/Chelsea-Women-Stats,https://fbref.com/en/squads/c4989550/2024-2025/Everton-Women-Stats,https://fbref.com/en/matches/a848c43a/Chelsea-Everton-February-16-2025-Womens-Super-League
14,2025-02-16,Sun,15:00 (07:00),Leicester City,Aston Villa,3,,3–0,2.0,1.0,King Power Stadium,2065,Adewunmi Soneye,completed,home_win,https://fbref.com/en/squads/23bce84e/2024-2025/Leicester-City-Women-Stats,https://fbref.com/en/squads/53157aa8/2024-2025/Aston-Villa-Women-Stats,https://fbref.com/en/matches/0d01605a/Leicester-City-Aston-Villa-February-16-2025-Womens-Super-League
14,2025-02-16,Sun,15:00 (07:00),West Ham,Brighton,3,1,3–1,2.4,1.4,Chigwell Construction Stadium,1460,Lucy May,completed,home_win,https://fbref.com/en/squads/52d65cea/2024-2025/West-Ham-United-Women-Stats,https://fbref.com/en/squads/fa2752bc/2024-2025/Brighton-and-Hove-Albion-Women-Stats,https://fbref.com/en/matches/527755dd/West-Ham-United-Brighton-and-Hove-Albion-February-16-2025-Womens-Super-League
14,2025-02-16,Sun,18:45 (10:45),Manchester City,Liverpool,4,,4–0,2.1,1.6,Joie Stadium,3519,Kirsty Dowle,completed,home_win,https://fbref.com/en/squads/9ce68f8a/2024-2025/Manchester-City-Women-Stats,https://fbref.com/en/squads/00f74a56/2024-2025/Liverpool-Women-Stats,https://fbref.com/en/matches/6b8a00c7/Manchester-City-Liverpool-February-16-2025-Womens-Super-League
15,2025-03-02,Sun,12:30 (04:30),Manchester Utd,Leicester City,2,,2–0,2.1,0.6,Leigh Sports Village Stadium,3950,Phoebe Cross,completed,home_win,https://fbref.com/en/squads/0bbd83f6/2024-2025/Manchester-United-Women-Stats,https://fbref.com/en/squads/23bce84e/2024-2025/Leicester-City-Women-Stats,https://fbref.com/en/matches/fb75b1d3/Manchester-United-Leicester-City-March-2-2025-Womens-Super-League
15,2025-03-02,Sun,14:00 (06:00),Crystal Palace,Liverpool,,1,0–1,0.5,1.7,VBS Community Stadium,1386,Ryan Atkin,completed,away_win,https://fbref.com/en/squads/78ba1bd4/Crystal-Palace-Women-Stats,https://fbref.com/en/squads/00f74a56/2024-2025/Liverpool-Women-Stats,https://fbref.com/en/matches/55671f45/Crystal-Palace-Liverpool-March-2-2025-Womens-Super-League
15,2025-03-02,Sun,14:00 (06:00),Tottenham,Manchester City,1,2,1–2,1.2,1.2,The BetWright Stadium,2119,Amy Fearn,completed,away_win,https://fbref.com/en/squads/e8e4577c/2024-2025/Tottenham-Women-Stats,https://fbref.com/en/squads/9ce68f8a/2024-2025/Manchester-City-Women-Stats,https://fbref.com/en/matches/0588c211/Tottenham-Manchester-City-March-2-2025-Womens-Super-League
15,2025-03-02,Sun,14:00 (06:00),Aston Villa,Everton,,2,0–2,0.8,0.8,Villa Park,2936,Stacey Pearson,completed,away_win,https://fbref.com/en/squads/53157aa8/2024-2025/Aston-Villa-Women-Stats,https://fbref.com/en/squads/c4989550/2024-2025/Everton-Women-Stats,https://fbref.com/en/matches/8f0f5888/Aston-Villa-Everton-March-2-2025-Womens-Super-League
15,2025-03-02,Sun,15:00 (07:00),Brighton,Chelsea,2,2,2–2,1.8,1.8,Broadfield Stadium,4490,Kirsty Dowle,completed,draw,https://fbref.com/en/squads/fa2752bc/2024-2025/Brighton-and-Hove-Albion-Women-Stats,https://fbref.com/en/squads/a6a4e67d/2024-2025/Chelsea-Women-Stats,https://fbref.com/en/matches/438cb5c0/Brighton-and-Hove-Albion-Chelsea-March-2-2025-Womens-Super-League
15,2025-03-02,Sun,17:30 (09:30),Arsenal,West Ham,4,3,4–3,3.6,2.1,Mangata Pay UK Stadium,3621,Adewunmi Soneye,completed,home_win,https://fbref.com/en/squads/411b1108/2024-2025/Arsenal-Women-Stats,https://fbref.com/en/squads/52d65cea/2024-2025/West-Ham-United-Women-Stats,https://fbref.com/en/matches/c45fe116/Arsenal-West-Ham-United-March-2-2025-Womens-Super-League
16,2025-03-05,Wed,19:00 (11:00),West Ham,Manchester City,1,1,1–1,0.8,2.2,Chigwell Construction Stadium,1267,Grace Lowe,completed,draw,https://fbref.com/en/squads/52d65cea/2024-2025/West-Ham-United-Women-Stats,https://fbref.com/en/squads/9ce68f8a/2024-2025/Manchester-City-Women-Stats,https://fbref.com/en/matches/0e84a826/West-Ham-United-Manchester-City-March-5-2025-Womens-Super-League
16,2025-03-05,Wed,19:30 (11:30),Chelsea,Leicester City,3,1,3–1,2.2,0.4,Cherry Red Records Fans' Stadium,2692,Abigail Byrne,completed,home_win,https://fbref.com/en/squads/a6a4e67d/2024-2025/Chelsea-Women-Stats,https://fbref.com/en/squads/23bce84e/2024-2025/Leicester-City-Women-Stats,https://fbref.com/en/matches/0cd03235/Chelsea-Leicester-City-March-5-2025-Womens-Super-League
16,2025-03-14,Fri,19:00 (12:00),Everton,Arsenal,1,3,1–3,0.4,2.0,Walton Hall Park,1613,Grace Lowe,completed,away_win,https://fbref.com/en/squads/c4989550/2024-2025/Everton-Women-Stats,https://fbref.com/en/squads/411b1108/2024-2025/Arsenal-Women-Stats,https://fbref.com/en/matches/15c29b35/Everton-Arsenal-March-14-2025-Womens-Super-League
16,2025-03-14,Fri,19:15 (12:15),Liverpool,Manchester Utd,3,1,3–1,1.3,1.1,Anfield,15596,Amy Fearn,completed,home_win,https://fbref.com/en/squads/00f74a56/2024-2025/Liverpool-Women-Stats,https://fbref.com/en/squads/0bbd83f6/2024-2025/Manchester-United-Women-Stats,https://fbref.com/en/matches/a38522a5/North-West-Derby-Liverpool-Manchester-United-March-14-2025-Womens-Super-League
16,2025-03-16,Sun,14:00 (07:00),Crystal Palace,Aston Villa,3,1,3–1,1.1,1.1,VBS Community Stadium,1130,Stacey Fullicks,completed,home_win,https://fbref.com/en/squads/78ba1bd4/Crystal-Palace-Women-Stats,https://fbref.com/en/squads/53157aa8/2024-2025/Aston-Villa-Women-Stats,https://fbref.com/en/matches/248ddb5d/Crystal-Palace-Aston-Villa-March-16-2025-Womens-Super-League
16,2025-03-16,Sun,15:00 (08:00),Tottenham,Brighton,,1,0–1,0.2,1.5,The BetWright Stadium,1425,Ryan Atkin,completed,away_win,https://fbref.com/en/squads/e8e4577c/2024-2025/Tottenham-Women-Stats,https://fbref.com/en/squads/fa2752bc/2024-2025/Brighton-and-Hove-Albion-Women-Stats,https://fbref.com/en/matches/6617dd96/Tottenham-Brighton-and-Hove-Albion-March-16-2025-Womens-Super-League
17,2025-03-22,Sat,14:00 (07:00),Everton,Crystal Palace,3,,3–0,1.4,1.1,Walton Hall Park,754,Adewunmi Soneye,completed,home_win,https://fbref.com/en/squads/c4989550/2024-2025/Everton-Women-Stats,https://fbref.com/en/squads/78ba1bd4/Crystal-Palace-Women-Stats,https://fbref.com/en/matches/c0840932/Everton-Crystal-Palace-March-22-2025-Womens-Super-League
17,2025-03-22,Sat,17:30 (10:30),Arsenal,Liverpool,4,,4–0,1.5,0.1,Emirates Stadium,35628,Stacey Fullicks,completed,home_win,https://fbref.com/en/squads/411b1108/2024-2025/Arsenal-Women-Stats,https://fbref.com/en/squads/00f74a56/2024-2025/Liverpool-Women-Stats,https://fbref.com/en/matches/72372ad1/Arsenal-Liverpool-March-22-2025-Womens-Super-League
17,2025-03-23,Sun,12:00 (05:00),West Ham,Tottenham,2,,2–0,2.0,1.7,Chigwell Construction Stadium,1859,Stacey Pearson,completed,home_win,https://fbref.com/en/squads/52d65cea/2024-2025/West-Ham-United-Women-Stats,https://fbref.com/en/squads/e8e4577c/2024-2025/Tottenham-Women-Stats,https://fbref.com/en/matches/818a77e1/West-Ham-United-Tottenham-March-23-2025-Womens-Super-League
17,2025-03-23,Sun,14:30 (07:30),Manchester City,Chelsea,1,2,1–2,1.3,2.7,Etihad Stadium,11302,Kirsty Dowle,completed,away_win,https://fbref.com/en/squads/9ce68f8a/2024-2025/Manchester-City-Women-Stats,https://fbref.com/en/squads/a6a4e67d/2024-2025/Chelsea-Women-Stats,https://fbref.com/en/matches/36eddb20/Manchester-City-Chelsea-March-23-2025-Womens-Super-League
17,2025-03-23,Sun,15:00 (08:00),Leicester City,Brighton,3,2,3–2,2.6,2.0,King Power Stadium,1832,Amy Fearn,completed,home_win,https://fbref.com/en/squads/23bce84e/2024-2025/Leicester-City-Women-Stats,https://fbref.com/en/squads/fa2752bc/2024-2025/Brighton-and-Hove-Albion-Women-Stats,https://fbref.com/en/matches/5d69f9ae/Leicester-City-Brighton-and-Hove-Albion-March-23-2025-Womens-Super-League
17,2025-03-23,Sun,16:30 (09:30),Aston Villa,Manchester Utd,,4,0–4,1.0,2.3,Villa Park,5038,Emily Heaslip,completed,away_win,https://fbref.com/en/squads/53157aa8/2024-2025/Aston-Villa-Women-Stats,https://fbref.com/en/squads/0bbd83f6/2024-2025/Manchester-United-Women-Stats,https://fbref.com/en/matches/65fd7a63/Aston-Villa-Manchester-United-March-23-2025-Womens-Super-League
18,2025-03-30,Sun,12:00 (04:00),Manchester Utd,Everton,2,,2–0,3.2,0.3,Leigh Sports Village Stadium,3856,Phoebe Cross,completed,home_win,https://fbref.com/en/squads/0bbd83f6/2024-2025/Manchester-United-Women-Stats,https://fbref.com/en/squads/c4989550/2024-2025/Everton-Women-Stats,https://fbref.com/en/matches/48422e0f/Manchester-United-Everton-March-30-2025-Womens-Super-League
18,2025-03-30,Sun,14:00 (06:00),Leicester City,Tottenham,1,1,1–1,0.5,2.5,King Power Stadium,2527,Grace Lowe,completed,draw,https://fbref.com/en/squads/23bce84e/2024-2025/Leicester-City-Women-Stats,https://fbref.com/en/squads/e8e4577c/2024-2025/Tottenham-Women-Stats,https://fbref.com/en/matches/30a25f7c/Leicester-City-Tottenham-March-30-2025-Womens-Super-League
18,2025-03-30,Sun,14:00 (06:00),Crystal Palace,Arsenal,,4,0–4,0.4,1.5,VBS Community Stadium,2885,Emily Heaslip,completed,away_win,https://fbref.com/en/squads/78ba1bd4/Crystal-Palace-Women-Stats,https://fbref.com/en/squads/411b1108/2024-2025/Arsenal-Women-Stats,https://fbref.com/en/matches/06ee4280/Crystal-Palace-Arsenal-March-30-2025-Womens-Super-League
18,2025-03-30,Sun,14:00 (06:00),Brighton,Manchester City,1,2,1–2,1.9,1.7,Broadfield Stadium,2480,Stacey Fullicks,completed,away_win,https://fbref.com/en/squads/fa2752bc/2024-2025/Brighton-and-Hove-Albion-Women-Stats,https://fbref.com/en/squads/9ce68f8a/2024-2025/Manchester-City-Women-Stats,https://fbref.com/en/matches/bfdb1884/Brighton-and-Hove-Albion-Manchester-City-March-30-2025-Womens-Super-League
18,2025-03-30,Sun,14:00 (06:00),Liverpool,Aston Villa,1,2,1–2,1.8,0.6,Totally Wicked Stadium,3082,Megan Wilson,completed,away_win,https://fbref.com/en/squads/00f74a56/2024-2025/Liverpool-Women-Stats,https://fbref.com/en/squads/53157aa8/2024-2025/Aston-Villa-Women-Stats,https://fbref.com/en/matches/cafde5b7/Liverpool-Aston-Villa-March-30-2025-Womens-Super-League
18,2025-03-30,Sun,16:30 (08:30),Chelsea,West Ham,2,2,2–2,2.5,1.1,Cherry Red Records Fans' Stadium,3608,Abigail Byrne,completed,draw,https://fbref.com/en/squads/a6a4e67d/2024-2025/Chelsea-Women-Stats,https://fbref.com/en/squads/52d65cea/2024-2025/West-Ham-United-Women-Stats,https://fbref.com/en/matches/72a63993/Chelsea-West-Ham-United-March-30-2025-Womens-Super-League
19,2025-04-15,Tue,19:30 (11:30),Arsenal,Leicester City,5,1,5–1,2.9,0.2,Emirates Stadium,5539,Melissa Burgin,completed,home_win,https://fbref.com/en/squads/411b1108/2024-2025/Arsenal-Women-Stats,https://fbref.com/en/squads/23bce84e/2024-2025/Leicester-City-Women-Stats,https://fbref.com/en/matches/204e22b6/Arsenal-Leicester-City-April-15-2025-Womens-Super-League
19,2025-04-19,Sat,12:00 (04:00),West Ham,Manchester Utd,,,0–0,0.4,1.8,Chigwell Construction Stadium,2315,Harrison Blair,completed,draw,https://fbref.com/en/squads/52d65cea/2024-2025/West-Ham-United-Women-Stats,https://fbref.com/en/squads/0bbd83f6/2024-2025/Manchester-United-Women-Stats,https://fbref.com/en/matches/12685222/West-Ham-United-Manchester-United-April-19-2025-Womens-Super-League
19,2025-04-19,Sat,12:30 (04:30),Brighton,Liverpool,1,2,1–2,0.4,1.6,The American Express Stadium,4566,Lisa Benn,completed,away_win,https://fbref.com/en/squads/fa2752bc/2024-2025/Brighton-and-Hove-Albion-Women-Stats,https://fbref.com/en/squads/00f74a56/2024-2025/Liverpool-Women-Stats,https://fbref.com/en/matches/e5f3455d/Brighton-and-Hove-Albion-Liverpool-April-19-2025-Womens-Super-League
19,2025-04-20,Sun,13:00 (05:00),Manchester City,Everton,1,1,1–1,2.1,0.5,Joie Stadium,2910,Phoebe Cross,completed,draw,https://fbref.com/en/squads/9ce68f8a/2024-2025/Manchester-City-Women-Stats,https://fbref.com/en/squads/c4989550/2024-2025/Everton-Women-Stats,https://fbref.com/en/matches/194f485b/Manchester-City-Everton-April-20-2025-Womens-Super-League
19,2025-04-20,Sun,14:00 (06:00),Tottenham,Aston Villa,2,3,2–3,1.7,1.3,The BetWright Stadium,1624,Stacey Fullicks,completed,away_win,https://fbref.com/en/squads/e8e4577c/2024-2025/Tottenham-Women-Stats,https://fbref.com/en/squads/53157aa8/2024-2025/Aston-Villa-Women-Stats,https://fbref.com/en/matches/e387e29c/Tottenham-Aston-Villa-April-20-2025-Womens-Super-League
19,2025-04-23,Wed,19:15 (11:15),Chelsea,Crystal Palace,4,,4–0,3.9,0.0,Cherry Red Records Fans' Stadium,1509,Grace Lowe,completed,home_win,https://fbref.com/en/squads/a6a4e67d/2024-2025/Chelsea-Women-Stats,https://fbref.com/en/squads/78ba1bd4/Crystal-Palace-Women-Stats,https://fbref.com/en/matches/fd1ed50c/Chelsea-Crystal-Palace-April-23-2025-Womens-Super-League
20,2025-04-27,Sun,12:00 (04:00),Liverpool,Tottenham,2,2,2–2,1.2,1.0,Totally Wicked Stadium,3213,Phoebe Cross,completed,draw,https://fbref.com/en/squads/00f74a56/2024-2025/Liverpool-Women-Stats,https://fbref.com/en/squads/e8e4577c/2024-2025/Tottenham-Women-Stats,https://fbref.com/en/matches/01a1bf7b/Liverpool-Tottenham-April-27-2025-Womens-Super-League
20,2025-04-27,Sun,12:30 (04:30),Crystal Palace,West Ham,1,7,1–7,1.6,3.2,VBS Community Stadium,1503,Kirsty Dowle,completed,away_win,https://fbref.com/en/squads/78ba1bd4/Crystal-Palace-Women-Stats,https://fbref.com/en/squads/52d65cea/2024-2025/West-Ham-United-Women-Stats,https://fbref.com/en/matches/10e608f2/Crystal-Palace-West-Ham-United-April-27-2025-Womens-Super-League
20,2025-04-27,Sun,14:00 (06:00),Everton,Brighton,2,3,2–3,0.9,2.3,Walton Hall Park,843,Megan Wilson,completed,away_win,https://fbref.com/en/squads/c4989550/2024-2025/Everton-Women-Stats,https://fbref.com/en/squads/fa2752bc/2024-2025/Brighton-and-Hove-Albion-Women-Stats,https://fbref.com/en/matches/a8f29e92/Everton-Brighton-and-Hove-Albion-April-27-2025-Womens-Super-League
20,2025-04-27,Sun,15:00 (07:00),Leicester City,Manchester City,,1,0–1,0.8,0.9,King Power Stadium,3305,Ryan Atkin,completed,away_win,https://fbref.com/en/squads/23bce84e/2024-2025/Leicester-City-Women-Stats,https://fbref.com/en/squads/9ce68f8a/2024-2025/Manchester-City-Women-Stats,https://fbref.com/en/matches/27e02b5a/Leicester-City-Manchester-City-April-27-2025-Womens-Super-League
20,2025-04-30,Wed,18:00 (10:00),Aston Villa,Arsenal,5,2,5–2,1.9,1.5,Villa Park,4590,Grace Lowe,completed,home_win,https://fbref.com/en/squads/53157aa8/2024-2025/Aston-Villa-Women-Stats,https://fbref.com/en/squads/411b1108/2024-2025/Arsenal-Women-Stats,https://fbref.com/en/matches/ff8d2526/Aston-Villa-Arsenal-April-30-2025-Womens-Super-League
20,2025-04-30,Wed,20:15 (12:15),Manchester Utd,Chelsea,,1,0–1,1.8,1.3,Leigh Sports Village Stadium,4029,Abigail Byrne,completed,away_win,https://fbref.com/en/squads/0bbd83f6/2024-2025/Manchester-United-Women-Stats,https://fbref.com/en/squads/a6a4e67d/2024-2025/Chelsea-Women-Stats,https://fbref.com/en/matches/07a2d1c1/Manchester-United-Chelsea-April-30-2025-Womens-Super-League
21,2025-05-04,Sun,12:00 (04:00),Liverpool,Everton,,2,0–2,2.2,0.9,Totally Wicked Stadium,15376,Lisa Benn,completed,away_win,https://fbref.com/en/squads/00f74a56/2024-2025/Liverpool-Women-Stats,https://fbref.com/en/squads/c4989550/2024-2025/Everton-Women-Stats,https://fbref.com/en/matches/704520a5/Merseyside-Derby-Liverpool-Everton-May-4-2025-Womens-Super-League
21,2025-05-04,Sun,12:00 (04:00),Manchester Utd,Manchester City,2,2,2–2,1.2,1.3,Old Trafford,31465,Emily Heaslip,completed,draw,https://fbref.com/en/squads/0bbd83f6/2024-2025/Manchester-United-Women-Stats,https://fbref.com/en/squads/9ce68f8a/2024-2025/Manchester-City-Women-Stats,https://fbref.com/en/matches/571f6d56/Manchester-Derby-Manchester-United-Manchester-City-May-4-2025-Womens-Super-League
21,2025-05-04,Sun,14:00 (06:00),Crystal Palace,Leicester City,2,2,2–2,2.5,1.4,VBS Community Stadium,1217,Adewunmi Soneye,completed,draw,https://fbref.com/en/squads/78ba1bd4/Crystal-Palace-Women-Stats,https://fbref.com/en/squads/23bce84e/2024-2025/Leicester-City-Women-Stats,https://fbref.com/en/matches/718f4f2e/Crystal-Palace-Leicester-City-May-4-2025-Womens-Super-League
21,2025-05-04,Sun,14:15 (06:15),Tottenham,Chelsea,,1,0–1,1.0,1.9,Tottenham Hotspur Stadium,9999,Melissa Burgin,completed,away_win,https://fbref.com/en/squads/e8e4577c/2024-2025/Tottenham-Women-Stats,https://fbref.com/en/squads/a6a4e67d/2024-2025/Chelsea-Women-Stats,https://fbref.com/en/matches/45553220/Tottenham-Chelsea-May-4-2025-Womens-Super-League
21,2025-05-04,Sun,15:00 (07:00),West Ham,Aston Villa,2,3,2–3,1.6,1.5,Chigwell Construction Stadium,1628,Stacey Pearson,completed,away_win,https://fbref.com/en/squads/52d65cea/2024-2025/West-Ham-United-Women-Stats,https://fbref.com/en/squads/53157aa8/2024-2025/Aston-Villa-Women-Stats,https://fbref.com/en/matches/20d1535c/West-Ham-United-Aston-Villa-May-4-2025-Womens-Super-League
21,2025-05-05,Mon,16:00 (08:00),Brighton,Arsenal,4,2,4–2,1.9,3.4,Broadfield Stadium,4786,Amy Fearn,completed,home_win,https://fbref.com/en/squads/fa2752bc/2024-2025/Brighton-and-Hove-Albion-Women-Stats,https://fbref.com/en/squads/411b1108/2024-2025/Arsenal-Women-Stats,https://fbref.com/en/matches/c23a90d4/Brighton-and-Hove-Albion-Arsenal-May-5-2025-Womens-Super-League
22,2025-05-10,Sat,12:30 (04:30),Manchester City,Crystal Palace,5,2,5–2,2.8,0.5,Joie Stadium,3162,Amy Fearn,completed,home_win,https://fbref.com/en/squads/9ce68f8a/2024-2025/Manchester-City-Women-Stats,https://fbref.com/en/squads/78ba1bd4/Crystal-Palace-Women-Stats,https://fbref.com/en/matches/37a439a1/Manchester-City-Crystal-Palace-May-10-2025-Womens-Super-League
22,2025-05-10,Sat,12:30 (04:30),Arsenal,Manchester Utd,4,3,4–3,1.9,1.6,Emirates Stadium,46603,Melissa Burgin,completed,home_win,https://fbref.com/en/squads/411b1108/2024-2025/Arsenal-Women-Stats,https://fbref.com/en/squads/0bbd83f6/2024-2025/Manchester-United-Women-Stats,https://fbref.com/en/matches/f0dae07a/Arsenal-Manchester-United-May-10-2025-Womens-Super-League
22,2025-05-10,Sat,12:30 (04:30),Chelsea,Liverpool,1,,1–0,1.3,0.3,Stamford Bridge,21327,Phoebe Cross,completed,home_win,https://fbref.com/en/squads/a6a4e67d/2024-2025/Chelsea-Women-Stats,https://fbref.com/en/squads/00f74a56/2024-2025/Liverpool-Women-Stats,https://fbref.com/en/matches/5cdaa252/Chelsea-Liverpool-May-10-2025-Womens-Super-League
22,2025-05-10,Sat,12:30 (04:30),Aston Villa,Brighton,3,1,3–1,1.8,1.7,Villa Park,3492,Lisa Benn,completed,home_win,https://fbref.com/en/squads/53157aa8/2024-2025/Aston-Villa-Women-Stats,https://fbref.com/en/squads/fa2752bc/2024-2025/Brighton-and-Hove-Albion-Women-Stats,https://fbref.com/en/matches/739a62fa/Aston-Villa-Brighton-and-Hove-Albion-May-10-2025-Womens-Super-League
22,2025-05-10,Sat,12:30 (04:30),Everton,Tottenham,1,1,1–1,0.4,0.3,Walton Hall Park,891,Stacey Fullicks,completed,draw,https://fbref.com/en/squads/c4989550/2024-2025/Everton-Women-Stats,https://fbref.com/en/squads/e8e4577c/2024-2025/Tottenham-Women-Stats,https://fbref.com/en/matches/73b5c0b2/Everton-Tottenham-May-10-2025-Womens-Super-League
22,2025-05-10,Sat,12:30 (04:30),Leicester City,West Ham,4,2,4–2,2.1,1.6,King Power Stadium,2010,Lucy May,completed,home_win,https://fbref.com/en/squads/23bce84e/2024-2025/Leicester-City-Women-Stats,https://fbref.com/en/squads/52d65cea/2024-2025/West-Ham-United-Women-Stats,https://fbref.com/en/matches/752ad058/Leicester-City-West-Ham-United-May-10-2025-Womens-Super-League